{"cameraMode":{"drawMode":0,"name":"Shaded","section":"Shading Mode"},"sceneLighting":true,"audioPlay":false,"sceneViewState":{"m_AlwaysRefresh":false,"showFog":true,"showSkybox":true,"showFlares":true,"showImageEffects":true,"showParticleSystems":true,"showVisualEffectGraphs":true,"m_FxEnabled":true},"in2DMode":false,"pivot":{"x":-0.3572026491165161,"y":-1.266923427581787,"z":23.800954818725587},"rotation":{"x":0.06327006965875626,"y":-0.007178721483796835,"z":0.00044583389535546303,"w":0.9980257153511047},"size":12.749506950378418,"orthographic":false}